0,Country,Region,Renovation work,Material,Thickness [cm],Lambda [mK/W],Uw [W/m2K],Power [kW],Solar collector area [m2],Capacity [l],Price [€/m2],Price [€],Price [€/kW],"Source Author, Title, Year",Source link,,,,,
1,Bulgaria,General,Wall insulation ,MW,8,0.038,,,,, 55.00 € ,, -   € ,"Daibau.bg. ??????, ????. 2025 ",https://www.daibau.bg/ceni/fasada,,,,,
1,Bulgaria,General,Wall insulation - additional,,,,,,,,,, -   € ,,,,,,,
1,Bulgaria,General,Roof insulation - Accessible,GW,30,0.03,,,,, 23.00 € ,, -   € ,"Daibau.bg. ???????? ?? ????????, ????. 2025",https://www.daibau.bg/ceni/izolatsiya_na_mansarda,,,,,
1,Bulgaria,General,Roof insulation - Makeover,,,,,,,,,, -   € ,,,,,,,
1,Bulgaria,General,Floor insulation,EPS,10,,,,,, 71.00 € ,, -   € ,,,,,,,
1,Bulgaria,General,Windows,,,,,,,, 116.58 € ,, -   € ,,,,,,,
1,Bulgaria,General,Air-water Heat Pump,,,,,12,,,," 7,669.22 € ", 639.10 € ,,,,,,,
1,Bulgaria,General,Condensing boiler,,,,,25,,,," 2,740.00 € ", 109.60 € ,,,,,,,
1,Bulgaria,General,PV,,,,,1,,,," 1,280.00 € "," 1,280.00 € ","?????? ????????. ????? ???? ?????? ?? ?????????, ?? ?? ?? ??????????? ???????? ??????? 2023",https://businessnovinite.bg/bg-biznes/kakva-suma-trjabva-da-podgotvim-za-da-si-instalirame-slanchevi-paneli.html,,,,,
1,Bulgaria,General,Solar thermal panels,,,,,,,,,, -   € ,,,,,,,
2,Croatia,General,Wall insulation,EPS,10,0.031,,,,, 34.60 € ,, -   € ,Institut IGH. STANDARDNA KALKULACIJA RADOVA U VISOKOGRADNJI - NADOGRADNJA I. 2024, https://mpgi.gov.hr/UserDocsImages/dokumenti/Graditeljstvo/Bilten_N_I_9_24.pdf,,,,,
2,Croatia,General,Wall insulation - additional,EPS,10,0.031,,,,, 8.78 € ,, -   € ,Institut IGH. STANDARDNA KALKULACIJA RADOVA U VISOKOGRADNJI - NADOGRADNJA I. 2024, https://mpgi.gov.hr/UserDocsImages/dokumenti/Graditeljstvo/Bilten_N_I_9_24.pdf,,,,,
2,Croatia,General,Wall insulation,MW,5,0.039,,,,, 31.94 € ,, -   € ,Institut IGH. STANDARDNA KALKULACIJA RADOVA U VISOKOGRADNJI - NADOGRADNJA I. 2024, https://mpgi.gov.hr/UserDocsImages/dokumenti/Graditeljstvo/Bilten_N_I_9_24.pdf,,,,,
2,Croatia,General,Wall insulation - additional,MW,5,0.039,,,,, 7.80 € ,, -   € ,Institut IGH. STANDARDNA KALKULACIJA RADOVA U VISOKOGRADNJI - NADOGRADNJA I. 2024, https://mpgi.gov.hr/UserDocsImages/dokumenti/Graditeljstvo/Bilten_N_I_9_24.pdf,,,,,
2,Croatia,General,Wall insulation,GW,10,0.044,,,,, 30.03 € ,, -   € ,Institut IGH. STANDARDNA KALKULACIJA RADOVA U VISOKOGRADNJI - NADOGRADNJA I. 2024, https://mpgi.gov.hr/UserDocsImages/dokumenti/Graditeljstvo/Bilten_N_I_9_24.pdf,,,,,
2,Croatia,General,Wall insulation - additional,GW,10,0.044,,,,, 5.89 € ,, -   € ,Institut IGH. STANDARDNA KALKULACIJA RADOVA U VISOKOGRADNJI - NADOGRADNJA I. 2024, https://mpgi.gov.hr/UserDocsImages/dokumenti/Graditeljstvo/Bilten_N_I_9_24.pdf,,,,,
2,Croatia,General,Roof insulation - Accessible,GW,10,0.044,,,,, 5.89 € ,, -   € ,Institut IGH. STANDARDNA KALKULACIJA RADOVA U VISOKOGRADNJI - NADOGRADNJA I. 2024, https://mpgi.gov.hr/UserDocsImages/dokumenti/Graditeljstvo/Bilten_N_I_9_24.pdf,,,,,
2,Croatia,General,Roof insulation - Makeover,GW,10,0.044,,,,, 182.24 € ,, -   € ,Institut IGH. STANDARDNA KALKULACIJA RADOVA U VISOKOGRADNJI - NADOGRADNJA I. 2024, https://mpgi.gov.hr/UserDocsImages/dokumenti/Graditeljstvo/Bilten_N_I_9_24.pdf,,,,,
2,Croatia,General,Floor insulation,EPS,10,0.031,,,,, 113.00 € ,, -   € ,Institut IGH. STANDARDNA KALKULACIJA RADOVA U VISOKOGRADNJI - NADOGRADNJA I. 2025, https://mpgi.gov.hr/UserDocsImages/dokumenti/Graditeljstvo/Bilten_N_I_9_24.pdf,,,,,
2,Croatia,General,Windows,,,,,,,, 350.00 € ,, -   € ,Institut IGH. STANDARDNA KALKULACIJA RADOVA U VISOKOGRADNJI - NADOGRADNJA I. 2026, https://mpgi.gov.hr/UserDocsImages/dokumenti/Graditeljstvo/Bilten_N_I_9_24.pdf,,,,,
2,Croatia,General,Air-water Heat Pump,,,,,8,,,," 4,000.00 € ", 500.00 € ,Emajstor. Dizalica topline - cijena toplinske pumpe. 2025 ,"https://www.emajstor.hr/cijene/dizalica_topline#:~:text=Cijena%20sustava%20toplinske%20crpke%20voda,ku%C4%87u%2C%20odbit%20%C4%87ete%204.000%20EUR.",,,,,
2,Croatia,General,PV,,,,,,,,,, -   € ,,,,,,,
2,Croatia,General,Solar thermal panels,,,,,,6.27,300,," 2,900.00 € ", -   € ,,,,,,,
3,Czechia,General,Wall insulation,EPS,8,0.038,,,,, 71.24 € ,, -   € ,RTS. Cenová soustava RTS DATA. 62230003 Zateplení tepeln? izola?ním systémem z polystyrénu. 2025 ,https://rtscloud.cz/App/RTS-Data/,,,,,
3,Czechia,General,Wall insulation - additional,EPS,,0.038,,,,, 2.26 € ,, -   € ,RTS. Cenová soustava RTS DATA. 62230003 Zateplení tepeln? izola?ním systémem z polystyrénu. 2025 ,https://rtscloud.cz/App/RTS-Data/,,,,,
3,Czechia,General,Wall insulation,MW,8,0.041,,,,, 91.60 € ,, -   € ,RTS. Cenová soustava RTS DATA. 62230003 Zateplení tepeln? izola?ním systémem z polystyrénu. 2025 ,,,,,,
3,Czechia,General,Wall insulation - additional,MW,,0.041,,,,, 5.60 € ,, -   € ,RTS. Cenová soustava RTS DATA. 62230003 Zateplení tepeln? izola?ním systémem z polystyrénu. 2025 ,,,,,,
3,Czechia,General,Roof insulation - Accessible,EPS,24,,,,,, 37.00 € ,, -   € ,,,,,,,
3,Czechia,General,Roof insulation - Makeover,,,,,,,,,, -   € ,,,,,,,
3,Czechia,General,Floor insulation,,,,,,,, 42.00 € ,, -   € ,,,,,,,
3,Czechia,General,Windows,,,,,,,, 384.00 € ,, -   € ,,,,,,,
3,Czechia,General,Air-water Heat Pump,,,,,,,,," 9,672.24 € ", -   € ,RTS. Cenová soustava RTS DATA. TZB - instalace a potrubní rozvody. Tepelná ?erpadla. 2025,https://rtscloud.cz/App/RTS-Data/ De Dietrich. Heat Pumps. 2025 https://www.dedietrich-heating.com/index.php/products/product_ranges/heat_pumps/alezio_s_v200_air_water_heat_pump/alezio_s_11_mr_tr_v200,,,,,
3,Czechia,General,Condensing boiler,,,,,,,,," 1,995.00 € ", -   € ,,https://rtscloud.cz/App/RTS-Data/KKPTree_OBJ6_KPR630,,,,,
3,Czechia,General,PV,,,,,1,,,," 1,560.00 € "," 1,560.00 € ",Evolty. Cena solárních panel? 2024. 2025,https://evolty.cz/solarni-panely/cena-solarnich-panelu/,,,,,
3,Czechia,General,Solar thermal panels,,,,,,,100,, 763.00 € , -   € ,,https://rtscloud.cz/App/RTS-Data/KKPTree_OBJ6_KPR487,,,,,
4,Estonia,General,Wall insulation ,MW,15,0.038,,,,, 233.00 € ,, -   € ,Thalfeldt et al. Window model and 5 year price data sensitivity to cost-effective fac?ade solutions for of ce buildings in Estonia. 2017 ,http://dx.doi.org/10.1016/j.energy.2017.06.160,,,,,
4,Estonia,General,Wall insulation - additional,MW,5,0.038,,,,, 7.70 € ,, -   € ,Thalfeldt et al. Window model and 5 year price data sensitivity to cost-effective fac?ade solutions for of ce buildings in Estonia. 2017 ,http://dx.doi.org/10.1016/j.energy.2017.06.160,,,,,
4,Estonia,General,Roof insulation - Accessible,Cellulose,80,0.095,,,,, 18.00 € ,, -   € ,"Kertsmik et al. Evaluation of renovation strategies: cost-optimal, CO?e optimal, or total energy optimal? 2023",https://doi.org/10.1016/j.enbuild.2023.112995,,,,,
4,Estonia,General,Roof insulation - Makeover,,,,,,,,,, -   € ,,,,,,,
4,Estonia,General,Floor insulation,EPS,10,0.035,,,,, 102.84 € ,, -   € ,,,,,,,
4,Estonia,General,Windows,PVC,,,0.8,,,, 145.00 € ,, -   € ,"Kertsmik et al. Evaluation of renovation strategies: cost-optimal, CO?e optimal, or total energy optimal? 2023",https://doi.org/10.1016/j.enbuild.2023.112995,,,,,
4,Estonia,General,Air-water Heat Pump,,,,,5,,,," 6,000.00 € "," 1,200.00 € ",,,,,,,
4,Estonia,General,Condensing boiler,,,,,24,,,," 1,800.00 € ", 75.00 € ,,,,,,,
4,Estonia,General,PV,,,,,1,,,," 1,100.00 € "," 1,100.00 € ",Noman Shabbir et al. Techno-economic analysis and energy forecasting study of domestic and commercial photovoltaic system installations in Estonia. 2022,https://doi.org/10.1016/j.energy.2022.124156,,,,,
4,Estonia,General,Solar thermal panels,,,,,,,,," 1,200.00 € ", -   € ,"Kuusk, K.,  Kalamees, T. Retrofit cost-effectiveness: Estonian apartment buildings.  2015
",https://doi.org/10.1080/09613218.2016.1103117,,,,,
5,France,General,Wall insulation ,EPS,10,0.034,,,,, 160.00 € ,, -   € ,"Conseil d'analyse economique. ""Analyse socio-economique de la renovation energetique des logements"". 2024",https://www.cae-eco.fr/analyse-socio-economique-de-la-renovation-energetique-des-logements,,,,,
5,France,General,Wall insulation - additional,,,,,,,,,, -   € ,,,,,,,
5,France,General,Roof insulation - Accessible,,16,0.034,,,,, 80.00 € ,, -   € ,"Conseil d'analyse economique. ""Analyse socio-economique de la renovation energetique des logements"". 2024",https://www.cae-eco.fr/analyse-socio-economique-de-la-renovation-energetique-des-logements,,,,,
5,France,General,Roof insulation - Makeover,,,,,,,,,, -   € ,,,,,,,
5,France,General,Floor insulation,,,,,,,, 50.00 € ,, -   € ,"Conseil d'analyse economique. ""Analyse socio-economique de la renovation energetique des logements"". 2024",https://www.cae-eco.fr/analyse-socio-economique-de-la-renovation-energetique-des-logements,,,,,
5,France,General,Windows,PVC,,,1.3,,,, 560.00 € ,, -   € ,"Conseil d'analyse economique. ""Analyse socio-economique de la renovation energetique des logements"". 2024",https://www.cae-eco.fr/analyse-socio-economique-de-la-renovation-energetique-des-logements,,,,,
5,France,General,Air-water Heat Pump,,,,,15,,,," 14,413.00 € ", 960.87 € ,"Observatorie des batiments basse consommation. ""Les maisons renovees a basse consommation"". 2021",https://www.effinergie.org/web/images/attach/base_doc/2912/20210429etude-renovation.pdf#page=33.44,,,,,
5,France,General,Condensing boiler,,,,,0.8,,,," 5,276.00 € "," 6,595.00 € ","Observatorie des batiments basse consommation. ""Les maisons renovees a basse consommation"". 2021",https://www.effinergie.org/web/images/attach/base_doc/2912/20210429etude-renovation.pdf#page=33.44,,,,,
5,France,General,PV,,,,,1,,,," 2,000.00 € "," 2,000.00 € ",Hello watt. Prix et rentabilité d’une installation solaire. 2025,https://www.hellowatt.fr/panneaux-solaires-photovoltaiques/,,,,,
5,France,General,Solar thermal panels,,,,,,,,," 11,582.00 € ", -   € ,"Observatorie des batiments basse consommation. ""Les maisons renovees a basse consommation"". 2021",https://www.effinergie.org/web/images/attach/base_doc/2912/20210429etude-renovation.pdf#page=33.44,,,,,
6,Denmark,General,Wall insulation ,MW,20,0.03,,,,, 302.42 € ,, -   € ,"Kragh, J., Rose, J., & Aggerholm, S. Cost-optimal levels of minimum energy performance requirements in the Danish Building Regulations (3). 2023 https://vbn.aau.dk/en/publications/b70d844a-bf8e-483a-8895-9f90f1100262",https://vbn.aau.dk/en/publications/b70d844a-bf8e-483a-8895-9f90f1100262,,,,,
6,Denmark,General,Wall insulation - additional,,,,,,,,,, -   € ,,,,,,,
6,Denmark,General,Roof insulation - Accessible,MW,30,0.036,,,,, 77.30 € ,, -   € ,byggefokus.dk. Isolering af tag: Guide & oversigt. 2025 ,https://byggefokus.dk/isolering-af-tag/,,,,,
6,Denmark,General,Roof insulation - Makeover,,,,,,,,,, -   € ,,,,,,,
6,Denmark,General,Floor insulation,XPS,25,0.034,,,,, 211.00 € ,, -   € ,Gulvlaegger.dk. Isolering af gulv: Prøv vores prisberegner for 2025 og få et fast tilbud. 2025,https://gulvlaegger.dk/isolering-af-gulv/#f1p2,,,,,
6,Denmark,General,Windows,,,,,,,, 801.00 € ,, -   € ,"Kragh, J., Rose, J., & Aggerholm, S. Cost-optimal levels of minimum energy performance requirements in the Danish Building Regulations (3). 2023",https://vbn.aau.dk/en/publications/b70d844a-bf8e-483a-8895-9f90f1100262,,,,,
6,Denmark,General,Air-water Heat Pump,,,,,13.5,,,," 18,520.00 € "," 1,371.85 € ","Jensen, S.Ø. and Svendsen, A., 2021. Heat as a Service – Evaluation of a Danish Support Scheme for Dissemination of a New Business Concept for Heat Pumps. Danish Energy Agency, Centre for Global Cooperation",https://ens.dk/media/6411/download,,,,,
6,Denmark,General,Condensing boiler,,,,,16,,,," 8,003.13 € ", 500.20 € ,"Kragh, J., Rose, J., & Aggerholm, S. Cost-optimal levels of minimum energy performance requirements in the Danish Building Regulations (3). 2023",https://vbn.aau.dk/en/publications/b70d844a-bf8e-483a-8895-9f90f1100262,,,,,
6,Denmark,General,PV,,,,,1.2,,,," 5,512.77 € "," 4,593.98 € ","Kragh, J., Rose, J., & Aggerholm, S. Cost-optimal levels of minimum energy performance requirements in the Danish Building Regulations (3). 2023",https://vbn.aau.dk/en/publications/b70d844a-bf8e-483a-8895-9f90f1100262,,,,,
6,Denmark,General,Solar thermal panels,,,,,,,200,," 7,955.94 € ", -   € ,"Kragh, J., Rose, J., & Aggerholm, S. Cost-optimal levels of minimum energy performance requirements in the Danish Building Regulations (3). 2023",https://vbn.aau.dk/en/publications/b70d844a-bf8e-483a-8895-9f90f1100262,,,,,
7,Greece,General,Wall insulation,EPS,7,0.035,,,,, 40.12 € ,, -   € ,?. ??????????? et al. ????????? ???????????? ????? ?????????? ??.??????? 14/2018. 2020,https://www.orestiada.gr/wp-content/uploads/2020/05/07a.TimologioEAKS.pdf,,,,,
7,Greece,General,Wall insulation - additional,,,,,,,,,, -   € ,,,,,,,
7,Greece,General,Roof insulation - Accessible,XPS,5,0.0345,,,,, 14.50 € ,, -   € ,79.46 ?????? ?????????? ????????? ??? ??????? ?????? ????. ??????? ?????? ???????? ????????????? ??????? ?.?.?.?.?. 20701-2/2017. ???????????? ????????? ??????? ?????? ??? ??????? ??? ?????????????? ????????? ??? ???????. 2017 ,http://www.kenak.gr/files/TOTEE_20701-2_2017.pdf,,,,,
7,Greece,General,Roof insulation - Makeover,XPS,5,0.0345,,,,, 154.35 € ,, -   € ,???????? ?? ???????? ????????? ???????? ??? ????????? ?????? ?????????? ????????. ?????????? ???????????? ?????????? ????????. 2017 ,https://search.et.gr/el/fek/?fekId=551745,,,,,
7,Greece,General,Floor insulation,MW,5,0.038,,,,, 93.20 € ,, -   € ,???????? ?? ???????? ????????? ???????? ??? ????????? ?????? ?????????? ????????. ?????????? ???????????? ?????????? ????????. 2017 https://search.et.gr/el/fek/?fekId=551745,https://search.et.gr/el/fek/?fekId=551745,,,,,
7,Greece,General,Windows,Al with TB,,,2.6,,,, 384.00 € ,, -   € ,???????? ?? ???????? ????????? ???????? ??? ????????? ?????? ?????????? ????????. ?????????? ???????????? ?????????? ????????. 2017 https://search.et.gr/el/fek/?fekId=551745,https://search.et.gr/el/fek/?fekId=551745,,,,,
7,Greece,General,Windows,Wood,,,2.8,,,, 173.00 € ,, -   € ,,,,,,,
7,Greece,General,Air-water Heat Pump,,,,,5,,,, 921.77 € , 184.35 € ,???????????? ???????????? ????????????. ????????? ???????????? ?????????? ??? ??????????? ????????? . 2017 https://www.auth.gr/wp-content/uploads/espa_kthniatrikh_2._timologio_1.pdf,https://www.auth.gr/wp-content/uploads/espa_kthniatrikh_2._timologio_1.pdf,,,,,
7,Greece,General,Condensing boiler,,,,,28,,,," 2,084.04 € ", 74.43 € ,???????????? ???????????? ????????????. ????????? ???????????? ????? ???????????? ??_??????? ??? 01-2020. 2021 ,https://thessaloniki.gr/wp-content/uploads/2021/05/2021-077_%CE%A4%CE%99%CE%9C%CE%9F%CE%9B%CE%9F%CE%93%CE%99%CE%9F-%CE%9C%CE%95%CE%9B%CE%95%CE%A4%CE%97%CE%A3.pdf,,,,,
7,Greece,General,PV,,,,,20,,,," 19,850.00 € ", 992.50 € ,,,,,,,
7,Greece,General,Solar thermal panels,,,,,,,200,," 1,083.24 € ", -   € ,???????????? ???????????? ????????????. ????????? ???????????? ?????????? ??? ???? ???????????. 2021 ,https://www.auth.gr/wp-content/uploads/2.-sign-%CE%A4%CE%99%CE%9C%CE%9F%CE%9B%CE%9F%CE%93%CE%99%CE%9F-%CE%94%CE%97%CE%9C%CE%9F%CE%A0%CE%A1%CE%91%CE%A4%CE%97%CE%A3%CE%97%CE%A3.pdf  ,,,,,
8,Italy,Lombardia,Wall insulation,MW,5,0.036,,,,, 93.49 € ,, -   € ,"Regione Lombardia. ""Prezzario regionale dei lavori pubblici"". 2024 ",https://www.regione.lombardia.it/wps/wcm/connect/fbd4093d-f598-44f6-954b-dd5fd58b1cff/A%29+Parte1.pdf?MOD=AJPERES&CACHEID=ROOTWORKSPACE-fbd4093d-f598-44f6-954b-dd5fd58b1cff-oUt-93w,,,,,
8,Italy,Lombardia,Wall insulation - additional,,2,0.036,,,,, 4.81 € ,, -   € ,"Regione Lombardia. ""Prezzario regionale dei lavori pubblici"". 2024 ",https://www.regione.lombardia.it/wps/wcm/connect/fbd4093d-f598-44f6-954b-dd5fd58b1cff/A%29+Parte1.pdf?MOD=AJPERES&CACHEID=ROOTWORKSPACE-fbd4093d-f598-44f6-954b-dd5fd58b1cff-oUt-93w,,,,,
8,Italy,Lombardia,Roof insulation - Accessible,PUR,6,0.026,,,,, 31.98 € ,, -   € ,"Regione Lombardia. ""Prezzario regionale dei lavori pubblici"". 2024 ",https://www.regione.lombardia.it/wps/wcm/connect/fbd4093d-f598-44f6-954b-dd5fd58b1cff/A%29+Parte1.pdf?MOD=AJPERES&CACHEID=ROOTWORKSPACE-fbd4093d-f598-44f6-954b-dd5fd58b1cff-oUt-93w,,,,,
8,Italy,Lombardia,Roof insulation - Makeover,PUR,6,0.026,,,,, 159.80 € ,, -   € ,"Regione Lombardia. ""Prezzario regionale dei lavori pubblici"". 2025",https://www.regione.lombardia.it/wps/wcm/connect/fbd4093d-f598-44f6-954b-dd5fd58b1cff/A%29+Parte1.pdf?MOD=AJPERES&CACHEID=ROOTWORKSPACE-fbd4093d-f598-44f6-954b-dd5fd58b1cff-oUt-93w,,,,,
8,Italy,Lombardia,Floor insulation,EPS,30,0.036,,,,, 173.25 € ,, -   € ,"Regione Lombardia. ""Prezzario regionale dei lavori pubblici"". 2024",https://www.regione.lombardia.it/wps/wcm/connect/fbd4093d-f598-44f6-954b-dd5fd58b1cff/A%29+Parte1.pdf?MOD=AJPERES&CACHEID=ROOTWORKSPACE-fbd4093d-f598-44f6-954b-dd5fd58b1cff-oUt-93w,,,,,
8,Italy,Lombardia,Windows,PVC,,,1,,,, 654.36 € ,, -   € ,"Regione Lombardia. ""Prezzario regionale dei lavori pubblici"". 2024",https://www.regione.lombardia.it/wps/wcm/connect/fbd4093d-f598-44f6-954b-dd5fd58b1cff/A%29+Parte1.pdf?MOD=AJPERES&CACHEID=ROOTWORKSPACE-fbd4093d-f598-44f6-954b-dd5fd58b1cff-oUt-93w,,,,,
8,Italy,Lombardia,Windows,Wood,,,1,,,, 735.96 € ,, -   € ,"Regione Lombardia. ""Prezzario regionale dei lavori pubblici"". 2025",https://www.regione.lombardia.it/wps/wcm/connect/fbd4093d-f598-44f6-954b-dd5fd58b1cff/A%29+Parte1.pdf?MOD=AJPERES&CACHEID=ROOTWORKSPACE-fbd4093d-f598-44f6-954b-dd5fd58b1cff-oUt-93w,,,,,
8,Italy,Lombardia,Windows,Al,,,1,,,, 328.58 € ,, -   € ,"Regione Lombardia. ""Prezzario regionale dei lavori pubblici"". 2026",https://www.regione.lombardia.it/wps/wcm/connect/fbd4093d-f598-44f6-954b-dd5fd58b1cff/A%29+Parte1.pdf?MOD=AJPERES&CACHEID=ROOTWORKSPACE-fbd4093d-f598-44f6-954b-dd5fd58b1cff-oUt-93w,,,,,
8,Italy,Lombardia,Air-water Heat Pump,,,,,5.08,,,," 5,247.52 € "," 1,032.98 € ",Ryland et al. Heating economics evaluated against emissions: An analysis of low-carbon heating systems with spatiotemporal and dwelling variations. 2022,https://www.sciencedirect.com/science/article/pii/S037877882200732,,,,,
8,Italy,Lombardia,Condensing boiler,,,,,18,,,," 5,775.48 € ", 320.86 € ,"own estimation based on: 
Fleiter, T., Steinbach, J., Ragwitz, M. 
Mapping and analyses of the current and future (2020 - 2030)
heating/cooling fuel deployment (fossil/renewables). 2016",https://ec.europa.eu/energy/sites/ener/files/documents/mapping-hc-final_report-wp2.pdf,,,,,
8,Italy,Lombardia,PV,,,,,1,,,," 1,375.00 € "," 1,375.00 € ","National Survey Report of PV Power Applications in Italy 2022 Tilli F., Maugeri G., Roca F., Scipioni A. National Survey Report of PV Power Applications in Italy. 2022",https://www.gse.it/documenti_site/Documenti%20GSE/Studi%20e%20scenari/National%20Survey%20Report%20PV%20Italy%202022.pdf,,,,,
8,Italy,Lombardia,Solar thermal panels,,,,,57.8,,,," 56,990.80 € ", 986.00 € ," Estimation based on: 
Fleiter, T., Steinbach, J., Ragwitz, M. 
Mapping and analyses of the current and future (2020 - 2030)
heating/cooling fuel deployment (fossil/renewables). 2016 ",https://ec.europa.eu/energy/sites/ener/files/documents/mapping-hc-final_report-wp2.pdf,,,,,
9,Netherlands,General,Wall insulation,EPS,12,0.033,,,,, 150.00 € ,, -   € ,Bricknest. Spouwmuur- en gevelisolatie gids: opties en kosten. 2024,https://www.bricknest.nl/blog/spouwmuur-en-gevelisolatie-gids-opties-en-kosten,,,,,
9,Netherlands,General,Wall insulation - additional,,,,,,,,,, -   € ,,,,,,,
9,Netherlands,General,Roof insulation - Accessible,MW,10,0.033,,,,, 40.00 € ,, -   € ,Homedeal. Dakrenovatie kosten. 2025,https://www.homedeal.nl/dakbedekking/dakrenovatie-kosten/,,,,,
9,Netherlands,General,Roof insulation - Makeover,MW,10,0.033,,,,, 190.00 € ,, -   € ,Homedeal. Dakrenovatie kosten. 2025,https://www.homedeal.nl/dakbedekking/dakrenovatie-kosten/,,,,,
9,Netherlands,General,Floor insulation,MW,10,0.033,,,,, 130.00 € ,, -   € ,,,,,,,
9,Netherlands,General,Windows,Wood,,,0.9,,,," 1,080.00 € ",, -   € ,Homedeal. Kozijnen vervangen. 2023,https://www.homedeal.nl/kozijnen/kozijnen-vervangen/,,,,,
9,Netherlands,General,Windows,Al,,,0.9,,,," 1,030.00 € ",, -   € ,Homedeal. Kozijnen vervangen. 2024,https://www.homedeal.nl/kozijnen/kozijnen-vervangen/,,,,,
9,Netherlands,General,Windows,Plastic,,,0.9,,,, 930.00 € ,, -   € ,Homedeal. Kozijnen vervangen. 2025,https://www.homedeal.nl/kozijnen/kozijnen-vervangen/,,,,,
9,Netherlands,General,Air-water Heat Pump,,,,,15,,,," 11,150.00 € ", 743.33 € ,"Gerben Willem Jacob Piet. An end-user cost economic- and environmental comparison of alternative heating scenarios
for households in the Netherlands. 2020",https://studenttheses.uu.nl/bitstream/handle/20.500.12932/37656/Thesis_G.W.J.PIET_20-08-2020.pdf?sequence=1,,,,,
9,Netherlands,General,Condensing boiler,,,,,,,,," 2,000.00 € ", -   € ,"Gerben Willem Jacob Piet. An end-user cost economic- and environmental comparison of alternative heating scenarios
for households in the Netherlands. 2020",https://studenttheses.uu.nl/bitstream/handle/20.500.12932/37656/Thesis_G.W.J.PIET_20-08-2020.pdf?sequence=1,,,,,
9,Netherlands,General,PV,,,,,,,,," 2,200.00 € ", -   € ,SunCharged. Solar Panels. 2025,https://www.suncharged.nl/solar-panels,,,,,
9,Netherlands,General,Solar thermal panels,,,,,,,200,," 3,650.00 € ", -   € ,Bobex.nl. Thermische Zonnepanelen: Info & Prijzen. 2025,"https://www.bobex.nl/nl-nl/zonnepanelen/thermische-zonnepanelen/#:~:text=voor%20warm%20water.-,Wat%20kosten%20thermische%20zonnepanelen%3F,plaatsing%20en%20btw)",,,,,
10,Poland,General,Wall insulation,MW,30,0.03,,,,, 56.76 € ,, -   € ,Rados?aw Murat. Jak ociepli? ?ciany zewn?trzne - koszt docieplenia domu murowanego. 2024 ,https://muratordom.pl/budowa/sciany-murowane/jak-ocieplic-sciany-zewnetrzne-koszty-docieplenia-domu-murowanego-aa-mZ3N-gY1L-bn3a.html#source=nces&medium=coll ,,,,,
10,Poland,General,Wall insulation - additional,,,,,,,,,, -   € ,,,,,,,
10,Poland,General,Roof insulation - Accessible,MW,25,0.03,,,,, 51.60 € ,, -   € ,Rafa? Zawadzki. Ocieplenie poddasza styropianem czy we?n? - kluczowe ró?nice. 2024,https://flookstudio.pl/ocieplenie-poddasza-styropianem-czy-welna-kluczowe-roznice,,,,,
10,Poland,General,Roof insulation - Makeover,,,,,,,,,, -   € ,,,,,,,
10,Poland,General,Floor insulation,EPS,,,,,,, 30.48 € ,, -   € ,Aneta Wojtczak. Ile kosztuje ocieplenie domu w 2025 roku? 2025,https://renowa24.pl/Ile-kosztuje-ocieplenie-domu-w-2024-roku-blog-pol-1636717079.html?srsltid=AfmBOor9-HoUzyxmsX79Hj5uPuuKqMXFj81It7xYNNbwK7tSprHIwsmc#link5,,,,,
10,Poland,General,Windows,PVC,,,0.9,,,, 156.00 € ,, -   € ,Polski Program Finansowania Efektywno?ci Energetycznej w Budynkach Mieszkalnych (PolREFF). Wymiana okien i drzwi. 2025,https://polreff.org/poradnik/wymiana-okien-i-drzwi/,,,,,
10,Poland,General,Air-water Heat Pump,,,,,32,,,," 14,520.00 € ", 453.75 € ,Czep?o Filip. Optimization of construction costs and demand for renewable energy in the life cycle of an example building. 2023 ,http://dx.doi.org/10.5604/01.3001.0053.8499,,,,,
10,Poland,General,Condensing boiler,,,,,22,,,," 6,000.00 € ", 272.73 € ,Polski Program Finansowania Efektywno?ci Energetycznej w Budynkach Mieszkalnych (PolREFF). Wymiana okien i drzwi. 2025,https://polreff.org/poradnik/wymiana-okien-i-drzwi/,,,,,
10,Poland,General,PV,,,,,1,,,, 969.00 € , 969.00 € ," Rzeczpospolita, Instytut Energetyki Odnawialnej. Average unit price of photovoltaic installation depending on power in Poland in 2020. 2020",https://www.statista.com/statistics/1124327/poland-average-unit-price-of-pv-installation-depending-on-power/,,,,,
10,Poland,General,Solar thermal panels,,,,,,,180,," 4,240.00 € ", -   € ,Polski Program Finansowania Efektywno?ci Energetycznej w Budynkach Mieszkalnych (PolREFF). Wymiana okien i drzwi. 2025,https://polreff.org/poradnik/wymiana-okien-i-drzwi/,,,,,
11,Slovakia,General,Wall insulation,EPS,15,0.03,,,,, 77.31 € ,, -   € ,Saint-Gobain Weber. Cena za zateplenie domu. 2025,https://www.sk.weber/aka-je-cena-zateplenia-domu,,,,,
11,Slovakia,General,Wall insulation - additional,EPS,15,0.03,,,,, 14.21 € ,, -   € ,Saint-Gobain Weber. Cena za zateplenie domu. 2026,https://www.sk.weber/aka-je-cena-zateplenia-domu,,,,,
11,Slovakia,General,Roof insulation - Accessible,,,,,,,, 27.60 € ,, -   € ,Slovenskej agentúry životného prostredia. Program Obnov Dom. Kalkula?ka predpokladanej výšky príspevku na obnovu rodinného domu. 2025,https://obnovdom.sk/,,,,,
11,Slovakia,General,Roof insulation - Makeover,,,,,,,,,, -   € ,,,,,,,
11,Slovakia,General,Floor insulation,XPS,10,0.035,,,,, 44.00 € ,, -   € ,Numiq.com. Cena za podlahárske práce. 2025,https://numiq.com/sk/stavebne-prace/podlaharske-prace,,,,,
11,Slovakia,General,Windows,Al with TB,,,0.8,,,, 801.00 € ,, -   € ,Slovenskej agentúry životného prostredia. Program Obnov Dom. Kalkula?ka predpokladanej výšky príspevku na obnovu rodinného domu. 2025,https://obnovdom.sk/,,,,,
11,Slovakia,General,Air-water Heat Pump,,,,,,,,," 1,092.50 € ", -   € ,Slovenskej agentúry životného prostredia. Program Obnov Dom. Kalkula?ka predpokladanej výšky príspevku na obnovu rodinného domu. 2026,https://obnovdom.sk/,,,,,
11,Slovakia,General,Condensing boiler,,,,,,,,," 1,725.00 € ", -   € ,Slovenskej agentúry životného prostredia. Program Obnov Dom. Kalkula?ka predpokladanej výšky príspevku na obnovu rodinného domu. 2027,https://obnovdom.sk/,,,,,
11,Slovakia,General,PV,,,,,,,,, 954.50 € , -   € ,Slovenskej agentúry životného prostredia. Program Obnov Dom. Kalkula?ka predpokladanej výšky príspevku na obnovu rodinného domu. 2028,https://obnovdom.sk/,,,,,
11,Slovakia,General,Solar thermal panels,,,,,,,200,, 770.50 € , -   € , Slovenskej agentúry životného prostredia. Program Obnov Dom. Kalkula?ka predpokladanej výšky príspevku na obnovu rodinného domu. 2029 ,https://obnovdom.sk/,,,,,
12,Spain,Madrid,Wall insulation,XPS,4,0.034,,,,, 73.55 € ,, -   € ,Instituto Valenciano de la Edificación. Base de Datos de Construcción. ENTA.1abcaaa. 2024 ,https://bdc.f-ive.es/,,,,,
12,Spain,Madrid,Wall insulation - additional,XPS,2,0.034,,,,, 2.95 € ,, -   € ,ENTA.1abcaaa Instituto Valenciano de la Edificación. Base de Datos de Construcción. 2024,https://bdc.f-ive.es/,,,,,
12,Spain,Madrid,Wall insulation,EPS,4,0.036,,,,, 78.65 € ,, -   € ,ENTA.1bbcaaa Instituto Valenciano de la Edificación. Base de Datos de Construcción. 2024,https://bdc.f-ive.es/,,,,,
12,Spain,Madrid,Wall insulation - additional,EPS,2,0.036,,,,, 3.95 € ,, -   € ,ENTA.1bbcaaa Instituto Valenciano de la Edificación. Base de Datos de Construcción. 2024,https://bdc.f-ive.es/,,,,,
12,Spain,Madrid,Roof insulation - Accessible,MW,4,0.039,,,,, 171.14 € ,, -   € ,EQAV.2aaaa Instituto Valenciano de la Edificación. Base de Datos de Construcción. 2024,https://bdc.f-ive.es/,,,,,
12,Spain,Madrid,Roof insulation - Makeover,XPS,10,0.029,,,,, 173.47 € ,, -   € ,EQAV.2ahaa EQAV.2aaaa Instituto Valenciano de la Edificación. Base de Datos de Construcción. 2024,https://bdc.f-ive.es/,,,,,
12,Spain,Madrid,Roof insulation - Makeover,EPS,10,0.034,,,,, 184.33 € ,, -   € ,EQAV.2alaa EQAV.2aaaa Instituto Valenciano de la Edificación. Base de Datos de Construcción. 2024,https://bdc.f-ive.es/,,,,,
12,Spain,Madrid,Floor insulation,MW,3,0.036,,,,, 9.87 € ,, -   € ,Instituto Valenciano de la Edificación. Base de Datos de Construcción. 2024,https://bdc.f-ive.es/,,,,,
12,Spain,Madrid,Floor insulation,XPS,4,0.027,,,,, 14.88 € ,, -   € ,Instituto Valenciano de la Edificación. Base de Datos de Construcción. 2024,https://bdc.f-ive.es/,,,,,
12,Spain,Madrid,Floor insulation,EPS,4,0.034,,,,, 13.12 € ,, -   € ,Instituto Valenciano de la Edificación. Base de Datos de Construcción. 2024,https://bdc.f-ive.es/,,,,,
12,Spain,Madrid,Windows,PVC,,,1.3,,,, 349.94 € ,, -   € ,Instituto Valenciano de la Edificación. Base de Datos de Construcción. 2024,https://bdc.f-ive.es/,,,,,
12,Spain,Madrid,Windows,Al,,,,,,, 318.73 € ,, -   € ,Instituto Valenciano de la Edificación. Base de Datos de Construcción. 2024,https://bdc.f-ive.es/,,,,,
12,Spain,Madrid,Windows,Wood,,,1.1,,,, 560.03 € ,, -   € ,Instituto Valenciano de la Edificación. Base de Datos de Construcción. 2024,https://bdc.f-ive.es/,,,,,
12,Spain,Madrid,Air-water Heat Pump,,,,,4,,,," 4,350.00 € "," 1,087.50 € ",Instituto Valenciano de la Edificación. Base de Datos de Construcción. 2024,https://bdc.f-ive.es/,,,,,
12,Spain,Madrid,Condensing boiler,,,,,20,,,," 3,375.00 € ", 168.75 € ,Instituto Valenciano de la Edificación. Base de Datos de Construcción. 2024,https://bdc.f-ive.es/,,,,,
12,Spain,Madrid,PV,,,,,4,,,," 4,450.00 € "," 1,112.50 € ",Instituto Valenciano de la Edificación. Base de Datos de Construcción. 2024,https://bdc.f-ive.es/,,,,,
12,Spain,Madrid,Solar thermal panels,,,,,,,,," 19,500.00 € ", -   € ,Instituto Valenciano de la Edificación. Base de Datos de Construcción. 2024,https://bdc.f-ive.es/,,,,,
13,Latvia,General,Wall insulation,MW,10,0.036,,,,, 76.95 € ,, -   € ,brigada.lv. Remonta darbu cenas 2025. 2025,https://brigada.lv/buvdarbu-izmaksas/,,,,,
13,Latvia,General,Wall insulation - additional,MW,2,0.036,,,,, 2.30 € ,, -   € ,brigada.lv. Remonta darbu cenas 2025. 2026,https://brigada.lv/buvdarbu-izmaksas/,,,,,
13,Latvia,General,Roof insulation - Accessible,,,,,,,, 35.00 € ,, -   € ,brigada.lv. Remonta darbu cenas 2025. 2027,https://brigada.lv/buvdarbu-izmaksas/,,,,,
13,Latvia,General,Roof insulation - Makeover,,,,,,,,,, -   € ,,,,,,,
13,Latvia,General,Floor insulation,MW,5,0.035,,,,, 39.10 € ,, -   € ,brigada.lv. Remonta darbu cenas 2025. 2026,https://brigada.lv/buvdarbu-izmaksas/,,,,,
13,Latvia,General,Windows,PVC,,,0.9,,,, 282.63 € ,, -   € ,,,,,,,
13,Latvia,General,Air-water Heat Pump,,,,,6,,,," 6,400.00 € "," 1,066.67 € ",,,,,,,
13,Latvia,General,Condensing boiler,,,,,24,,,," 2,000.00 € ", 83.33 € ,,,,,,,
13,Latvia,General,PV,,,,,1,,,," 1,400.00 € "," 1,400.00 € ",,,,,,,
13,Latvia,General,Solar thermal panels,,,,,,,,,, -   € ,,,,,,,
14,Finland,General,Wall insulation,MW,8,0.04,,,,, 250.00 € ,, -   € ,Remppatori. Oletko eristämässä taloasi? 2025,https://remppatori.fi/talo-ja-piha/eristys,,,,,
14,Finland,General,Wall insulation - additional,MW,2,0.04,,,,, 16.00 € ,, -   € ,,,,,,,
14,Finland,General,Roof insulation - Accessible,MW,30,0.04,,,,, 90.00 € ,, -   € ,,,,,,,
14,Finland,General,Roof insulation - Makeover,MW,25,0.04,,,,, 193.00 € ,, -   € ,"Niemelä, T., Levy, C., Kosonen, R., & Jokisalo, J. Cost-optimal renovation solutions to maximize environmental performance, indoor thermal conditions and productivity of office buildings in cold climate. 2017",https://doi.org/10.1016/j.scs.2017.04.009,,,,,
14,Finland,General,Floor insulation,PUR,15,0.022,,,,, 90.00 € ,, -   € ,Eemil Kraft on Urakkadiili. How much does it cost to insulate a cottage floor? 2022,https://urakkadiili.fi/mokin-lattian-eristys-hinta#kuinka-paljon-mokin-lattian-eristaminen-maksaa,,,,,
14,Finland,General,Windows,Wood,,,0.84,,,, 370.00 € ,, -   € ,"Niemelä, T., Levy, C., Kosonen, R., & Jokisalo, J. Cost-optimal renovation solutions to maximize environmental performance, indoor thermal conditions and productivity of office buildings in cold climate. 2017",https://doi.org/10.1016/j.scs.2017.04.009,,,,,
14,Finland,General,Air-water Heat Pump,,,,,1,,,," 1,500.00 € "," 1,500.00 € ","Esa Pursiheimo, Tomi J. Lindroos, Dennis Sundell, Miika Rämä, Ville Tulkki. Optimal investment analysis for heat pumps and nuclear heat in decarbonised Helsinki metropolitan district heating system. 2022",https://doi.org/10.1016/j.enss.2022.03.001,,,,,
14,Finland,General,Condensing boiler,,,,,23,,,," 3,995.00 € ", 173.70 € ,,,,,,,
14,Finland,General,PV,,,,,1,,,," 1,100.00 € "," 1,100.00 € ","Johannes Hyvönen, Taro Mori, Juha Saunavaara, Pauli Hiltunen, Matti Pärssinen, Sanna Syri. Potential of solar photovoltaics and waste heat utilization in cold climate data centers. Case study: Finland and northern Japan. 2024 ",https://doi.org/10.1016/j.rser.2024.114619,,,,,
14,Finland,General,Solar thermal panels,,,,,,,400,," 5,000.00 € ", -   € ,Suomirakentaa. Aurinko ja tuuli energialähteinä. 2025,https://www.suomirakentaa.fi/omakotirakentaja/laemmitys/aurinko-ja-tuuli-energialahteina,,,,,
15,Romania,General,Wall insulation,EPS,10,0.038,,,,, 46.00 € ,, -   € ,"Daibau.ro, Izola?ie exterioar? - Pre? fa?ad? cas? 2025, 2025",https://www.daibau.ro/preturi/fatade_case,,,,,
15,Romania,General,Wall insulation - additional,EPS,2,0.038,,,,, 1.40 € ,, -   € ,"Daibau.ro, Izola?ie exterioar? - Pre? fa?ad? cas? 2025, 2025",https://www.daibau.ro/preturi/fatade_case,,,,,
15,Romania,General,Roof insulation - Accessible,MW,16,,,,,, 20.40 € ,, -   € ,"Daibau.ro., Pre? manoper? acoperi? 2025 ",https://www.daibau.ro/preta/acoperisuri,,,,,
15,Romania,General,Roof insulation - Makeover,MW,16,,,,,, 62.40 € ,, -   € ,"Daibau.ro., Pre? manoper? acoperi? 2025 ",https://www.daibau.ro/preta/acoperisuri,,,,,
15,Romania,General,Floor insulation,,,,,,,,,, -   € ,,,,,,,
15,Romania,General,Windows,PVC,,,1.1,,,, 170.00 € ,, -   € ,"Ferestre direct.ro, Pre?uri pentru ferestre termopane în 2025: la ce s? fi?i aten?i?, 2025",https://ferestredirect.ro/ro/blog-articole/preturi-ferestre-termopan-2025,,,,,
15,Romania,General,Air-water Heat Pump,,,,,12,,,," 6,000.00 € ", 500.00 € ,"daibau.ro,Pomp? de c?ldur? pre?, 2025",https://www.daibau.ro/preturi/pompa_de_caldura,,,,,
15,Romania,General,Condensing boiler,,,,,,,,,, -   € ,,,,,,,
15,Romania,General,PV,,,,,3.3,,,," 3,950.00 € "," 1,196.97 € ",E.ON. Prinde oferta la sistemele fotovoltaice. 2025,https://www.eon.ro/panouri-fotovoltaice-clienti-casnici,,,,,
15,Romania,General,Solar thermal panels,,,,,,,,,, -   € ,,,,,,,
16,Belgium,General,Wall insulation,MW,20,0.038,,,,, 160.00 € ,, -   € ,"N. Baudoux. Construction, renovation: discover the evolution of the price of materials, room by room. 2023",https://multimedia.lecho.be/immobilier-construction-renovation-prix-materiaux/,,,,,
16,Belgium,General,Wall insulation - additional,MW,20,0.038,,,,, 37.83 € ,, -   € ,myrenov. Insulating the walls of your home: the complete guide. 2025,https://myrenov.be/en/energy-renovation/insulation/walls/,,,,,
16,Belgium,General,Roof insulation - Accessible,GW,20,0.038,,,,, 50.00 € ,, -   € ,myrenov. Thermal insulation for your roof: complete guide. 2025,https://myrenov.be/en/energy-renovation/insulation/roof/,,,,,
16,Belgium,General,Roof insulation - Makeover,MW,20,0.038,,,,, 120.00 € ,, -   € ,myrenov. Thermal insulation for your roof: complete guide. 2025,https://myrenov.be/en/energy-renovation/insulation/roof/,,,,,
16,Belgium,General,Floor insulation,MW,15,0.038,,,,,,, -   € ,"myrenov. Garage, cellar, floors: how to insulate the slab below. 2025",https://myrenov.be/en/energy-renovation/insulation/floor/,,,,,
16,Belgium,General,Windows,PVC,,,1.2,,,, 450.00 € ,, -   € ,,,,,,,
16,Belgium,General,Air-water Heat Pump,,,,,9,,,," 11,000.00 € "," 1,222.22 € ",HomeSkillz. Heat pump installation in Belgium: standards and regulations. 2025,https://homeskillz.com/en/pompe-a-chaleur/,,,,,
16,Belgium,General,Condensing boiler,,,,,,,,," 5,000.00 € ", -   € ,Morgane Mignolet. How much does a gas boiler cost and which type should you choose? 2024,https://www.energyprice.be/blog/how-much-does-a-gas-boiler-cost-which-type-to-choose,,,,,
16,Belgium,General,PV,,,,,1,,,," 2,000.00 € "," 2,000.00 € ","HomeSkillz. Installation of solar panels in belgium: standards, regulations and practical advice. 2025",https://homeskillz.com/en/panneaux-solaires/,,,,,
16,Belgium,General,Solar thermal panels,,,,,,,200,," 3,500.00 € ", -   € ,Solvari.Chauffage solaire. 2025,https://www.panneausolaire-info.be/chauffage-solaire,,,,,
17,Germany,General,Wall insulation,MW,10,0.033,,,,, 195.34 € ,, -   € ,"Thilo Koch, Samuel Achenbach, André Müller,  Anpassung der Kostenfunktionen energierelevanter Bauund Anlagenteile bei der energetischen Modernisierung, 2024",https://www.researchgate.net/publication/383122317_Anpassung_der_Kostenfunktionen_energierelevanter_Bau-_und_Anlagenteile_bei_der_energetischen_Modernisierung_von_Altbauten_auf_das_Preisniveau_2022_und_2023_Working_Paper,,Note:,Price depends on thickness. 10cm is an estimate. MW lambda value was taken from Rockwool website: https://rti.rockwool.com/applications/marine-and-offshore/comfort/basic-theory/,,
17,Germany,General,Wall insulation - additional,MW,2,0.033,,,,, 8.78 € ,, -   € ,"Thilo Koch, Samuel Achenbach, André Müller,  Anpassung der Kostenfunktionen energierelevanter Bauund Anlagenteile bei der energetischen Modernisierung, 2024",https://www.researchgate.net/publication/383122317_Anpassung_der_Kostenfunktionen_energierelevanter_Bau-_und_Anlagenteile_bei_der_energetischen_Modernisierung_von_Altbauten_auf_das_Preisniveau_2022_und_2023_Working_Paper,,,,,
17,Germany,General,Roof insulation - Accessible,MW,16,0.033,,,,, 94.24 € ,, -   € ,"Thilo Koch, Samuel Achenbach, André Müller,  Anpassung der Kostenfunktionen energierelevanter Bauund Anlagenteile bei der energetischen Modernisierung, 2024",https://www.researchgate.net/publication/383122317_Anpassung_der_Kostenfunktionen_energierelevanter_Bau-_und_Anlagenteile_bei_der_energetischen_Modernisierung_von_Altbauten_auf_das_Preisniveau_2022_und_2023_Working_Paper,,Note:,Price depends on thickness. 16cm is an estimate. MW lambda value was taken from Rockwool website: https://rti.rockwool.com/applications/marine-and-offshore/comfort/basic-theory/,,
17,Germany,General,Roof insulation - Makeover,MW,16,0.033,,,,, 337.01 € ,, -   € ,"Thilo Koch, Samuel Achenbach, André Müller,  Anpassung der Kostenfunktionen energierelevanter Bauund Anlagenteile bei der energetischen Modernisierung, 2024",https://www.researchgate.net/publication/383122317_Anpassung_der_Kostenfunktionen_energierelevanter_Bau-_und_Anlagenteile_bei_der_energetischen_Modernisierung_von_Altbauten_auf_das_Preisniveau_2022_und_2023_Working_Paper,,,,,
17,Germany,General,Floor insulation,XPS,10,0.034,,,,, 111.64 € ,, -   € ,"Thilo Koch, Samuel Achenbach, André Müller,  Anpassung der Kostenfunktionen energierelevanter Bauund Anlagenteile bei der energetischen Modernisierung, 2024",https://www.researchgate.net/publication/383122317_Anpassung_der_Kostenfunktionen_energierelevanter_Bau-_und_Anlagenteile_bei_der_energetischen_Modernisierung_von_Altbauten_auf_das_Preisniveau_2022_und_2023_Working_Paper,,Note:,Price depends on thickness. 10cm is an estimate. MW lambda value was taken from Ursa website: https://ursa.it/prodotto/ursa-xps-niii-l/,,
17,Germany,General,Windows,,,,0.95,,,, 598.75 € ,, -   € ,"Thilo Koch, Samuel Achenbach, André Müller,  Anpassung der Kostenfunktionen energierelevanter Bauund Anlagenteile bei der energetischen Modernisierung, 2024",https://www.researchgate.net/publication/383122317_Anpassung_der_Kostenfunktionen_energierelevanter_Bau-_und_Anlagenteile_bei_der_energetischen_Modernisierung_von_Altbauten_auf_das_Preisniveau_2022_und_2023_Working_Paper,,,,,
17,Germany,General,Air-water Heat Pump,,,,,20,,,," 34,340.00 € "," 1,717.00 € ","Deutsche Energie-Agentur GmbH, Technikkatalog Wärmeplanung, 2024",https://view.officeapps.live.com/op/view.aspx?src=https%3A%2F%2Fapi.kww-halle.de%2Ffileadmin%2Fuser_upload%2FTechnikkatalog_W%25C3%25A4rmeplanung_Version_1.1_August24_CC-BY.xlsx&wdOrigin=BROWSELINK,,,,,
17,Germany,General,Condensing boiler,,,,,20,,,," 7,080.00 € ", 354.00 € ,"Deutsche Energie-Agentur GmbH, Technikkatalog Wärmeplanung, 2024",https://view.officeapps.live.com/op/view.aspx?src=https%3A%2F%2Fapi.kww-halle.de%2Ffileadmin%2Fuser_upload%2FTechnikkatalog_W%25C3%25A4rmeplanung_Version_1.1_August24_CC-BY.xlsx&wdOrigin=BROWSELINK,,,,,
17,Germany,General,PV,,,,,5.7,,,," 7,695.00 € "," 1,350.00 € ",Photovoltaic Cost eXtremOS Short Report 2021,https://extremos.ffe.de/pdf/ShortReport_PV-Cost.pdf,,,,,
17,Germany,General,Solar thermal panels,,,,,10,17.8,500,," 10,040.00 € "," 1,004.00 € ","Deutsche Energie-Agentur GmbH, Technikkatalog Wärmeplanung, 2024",https://view.officeapps.live.com/op/view.aspx?src=https%3A%2F%2Fapi.kww-halle.de%2Ffileadmin%2Fuser_upload%2FTechnikkatalog_W%25C3%25A4rmeplanung_Version_1.1_August24_CC-BY.xlsx&wdOrigin=BROWSELINK,,,,,
18,Ireland,General,Wall insulation,EPS,,,,,,, 100.00 € ,, -   € ,M. Keane. How Much Does It Cost to Insulate a House in Ireland? 2023,https://buildpro.ie/blog/cost-to-insulate-house-ireland,,,,,
18,Ireland,General,Wall insulation - additional,,,,,,,,,, -   € ,,,,,,,
18,Ireland,General,Roof insulation - Accessible,GW,,,,,,, 35.00 € ,, -   € ,OSBER. How much does it cost to insulate a house in Ireland? 2025,https://osber.ie/how-much-does-it-cost-to-insulate-a-house-in-ireland/,,,,,
18,Ireland,General,Roof insulation - Makeover,MW,,,,,,, 80.00 € ,, -   € ,OSBER. How much does it cost to insulate a house in Ireland? 2025,https://osber.ie/how-much-does-it-cost-to-insulate-a-house-in-ireland/,,,,,
18,Ireland,General,Floor insulation,MW,,,,,,, 50.00 € ,, -   € ,OSBER. How much does it cost to insulate a house in Ireland? 2025,https://osber.ie/how-much-does-it-cost-to-insulate-a-house-in-ireland/,,,,,
18,Ireland,General,Windows,,,,1.3,,,, 490.00 € ,, -   € ,window24.ie. Window Replacement Cost. 2025,"https://www.window24.ie/window-prices/window-replacement-cost/#:~:text=Table_title:%20How%20much%20do%20replacement%20windows%20cost?,per%20window:%20Average%20cost%20per%20window%20%7C",,,,,
18,Ireland,General,Air-water Heat Pump,,,,,3,,,," 12,000.00 € "," 4,000.00 € ",energyefficiency.ie. Heat Pump Cost Calculator. 2025,https://energyefficiency.ie/heat-pumps/heat-pump-cost-calculator/,,,,,
18,Ireland,General,Condensing boiler,,,,,24,,,," 2,950.00 € ", 122.92 € ,Dublin gasboiler. Gas Boiler Replacement. 2024,https://dublin-gasboilers.ie/gas-boiler-replacement-dublin/,,,,,
18,Ireland,General,PV,,,,,1,,,," 1,253.00 € "," 1,253.00 € ",Dean et al. Modelling solar photovoltaic systems on dairy farms for cost savings and GHG emission reduction. 2024,https://doi.org/10.1016/j.scitotenv.2024.174874,,,,,
18,Ireland,General,Solar thermal panels,,,,,,,100,,1100, -   € ,SEAI. A Homeowner’s Guide To Solar Thermal For Hot Water. 2019 ,https://www.seai.ie/sites/default/files/publications/Homeowners-Guide-To-Solar-Thermal.pdf,,,,,
